JOBID,PROJECT_NAME,JOB_NAME,SOURCE_OBJECT_NAME
1008,RESERVATION,LZ_ODS_P_BUSINESS_SUPPORT.RES_SUPP.0050.RES_SUPP_GRP_2,LZ_P_FIVETRAN.FIN_PSFT_NCLH_FSCM.PS_RT_RATE_TBL
2538,RESERVATION,ODS_EDW.RES_CAPACITY_NCL.1000.Load_FACT_Capacity_Cabin_MT,EDW_P.RES.DIM_VOYAGE_PRORATION
2538,RESERVATION,ODS_EDW.RES_CAPACITY_NCL.1000.Load_FACT_Capacity_Cabin_MT,ODS_P.RES_SW.SHIP_CABIN_RESERVE_TYPE
2538,RESERVATION,ODS_EDW.RES_CAPACITY_NCL.1000.Load_FACT_Capacity_Cabin_MT,ODS_P.RES_SW.SHIP_INVENTORY_ALLOC
2538,RESERVATION,ODS_EDW.RES_CAPACITY_NCL.1000.Load_FACT_Capacity_Cabin_MT,EDW_P.RES.DIM_VOYAGE
2538,RESERVATION,ODS_EDW.RES_CAPACITY_NCL.1000.Load_FACT_Capacity_Cabin_MT,ODS_P.RES_SW.RES_HEADER
2538,RESERVATION,ODS_EDW.RES_CAPACITY_NCL.1000.Load_FACT_Capacity_Cabin_MT,EDW_P.RES.DIM_CABIN_CATEGORY
2538,RESERVATION,ODS_EDW.RES_CAPACITY_NCL.1000.Load_FACT_Capacity_Cabin_MT,ODS_P.RES_SW.PACKAGE_DEFINITION
2538,RESERVATION,ODS_EDW.RES_CAPACITY_NCL.1000.Load_FACT_Capacity_Cabin_MT,ODS_P.RES_SW.RES_SHIP_REQUEST
2538,RESERVATION,ODS_EDW.RES_CAPACITY_NCL.1000.Load_FACT_Capacity_Cabin_MT,ODS_P.RES_SW.RES_PACKAGE
2538,RESERVATION,ODS_EDW.RES_CAPACITY_NCL.1000.Load_FACT_Capacity_Cabin_MT,ODS_P.RES_SW.SHIP_CABIN_RESERVE
2548,RESERVATION,ODS_EDW.RES_NCL.1.Load_DIM_Guest,ODS_P.DSSTG.STG_NCL_DW_TRIGGER_LOG_INFO
2548,RESERVATION,ODS_EDW.RES_NCL.1.Load_DIM_Guest,ODS_P.RES_SW.RES_GUEST
2548,RESERVATION,ODS_EDW.RES_NCL.1.Load_DIM_Guest,ODS_P.RES_SW.RES_COMPONENT
2548,RESERVATION,ODS_EDW.RES_NCL.1.Load_DIM_Guest,EDW_P.RES.DIM_VOYAGE
2548,RESERVATION,ODS_EDW.RES_NCL.1.Load_DIM_Guest,PUBLISHED_D.CRM_SFDC.CERTIFICATE_C
2548,RESERVATION,ODS_EDW.RES_NCL.1.Load_DIM_Guest,ODS_P.RES_SW.RES_PACKAGE_COUPON
2548,RESERVATION,ODS_EDW.RES_NCL.1.Load_DIM_Guest,ODS_P.RES_SW.RES_HIST_VALUE
2548,RESERVATION,ODS_EDW.RES_NCL.1.Load_DIM_Guest,ODS_P.RES_SW.RES_HIST_TRANS
2548,RESERVATION,ODS_EDW.RES_NCL.1.Load_DIM_Guest,ODS_P.RES_SW.RES_GUEST_PARAM
2548,RESERVATION,ODS_EDW.RES_NCL.1.Load_DIM_Guest,EDW_P.RES.DIM_RES
2548,RESERVATION,ODS_EDW.RES_NCL.1.Load_DIM_Guest,EDW_P.RES.DIM_AGENCY
2548,RESERVATION,ODS_EDW.RES_NCL.1.Load_DIM_Guest,EDW_P.RES.DIM_CLIENT
2555,RESERVATION,ODS_EDW.RES_NCL.1.Load_DIM_Itinerary_Master,ODS_P.RES_SW.SAIL_HEADER
2555,RESERVATION,ODS_EDW.RES_NCL.1.Load_DIM_Itinerary_Master,ODS_P.RES_SW.SAIL_ACTIVITY
2563,RESERVATION,ODS_EDW.RES_NCL.11.Load_FACT_Group_Commission,EDW_P.RES.DIM_VOYAGE_PRORATION
2563,RESERVATION,ODS_EDW.RES_NCL.11.Load_FACT_Group_Commission,ODS_P.RES_SW.GROUP_COMMISSION_DETAIL
2563,RESERVATION,ODS_EDW.RES_NCL.11.Load_FACT_Group_Commission,EDW_P.RES.DIM_INVOICE_ITEM_TYPE
2563,RESERVATION,ODS_EDW.RES_NCL.11.Load_FACT_Group_Commission,EDW_P.RES.DIM_GROUP
2563,RESERVATION,ODS_EDW.RES_NCL.11.Load_FACT_Group_Commission,ODS_P_BUSINESS_SUPPORT.RES_SUPP.CURRENCY_EXCHANGE_RATE_SUPP
2563,RESERVATION,ODS_EDW.RES_NCL.11.Load_FACT_Group_Commission,EDW_P.RES.DIM_VOYAGE
2563,RESERVATION,ODS_EDW.RES_NCL.11.Load_FACT_Group_Commission,ODS_P.RES_SW.GROUP_BOOKING
2573,RESERVATION,ODS_EDW.RES_NCL.11.Load_FACT_Group_Invoice,EDW_P.RES.DIM_VOYAGE_PRORATION
2573,RESERVATION,ODS_EDW.RES_NCL.11.Load_FACT_Group_Invoice,ODS_P.RES_SW.GROUP_SHIP_REQUEST
2573,RESERVATION,ODS_EDW.RES_NCL.11.Load_FACT_Group_Invoice,EDW_P.RES.DIM_CABIN_CATEGORY
2573,RESERVATION,ODS_EDW.RES_NCL.11.Load_FACT_Group_Invoice,ODS_P.RES_SW.GROUP_INVOICE_ITEM
2573,RESERVATION,ODS_EDW.RES_NCL.11.Load_FACT_Group_Invoice,EDW_P.RES.DIM_INVOICE_ITEM_TYPE
2573,RESERVATION,ODS_EDW.RES_NCL.11.Load_FACT_Group_Invoice,ODS_P.RES_SW.GROUP_BOOKING
2573,RESERVATION,ODS_EDW.RES_NCL.11.Load_FACT_Group_Invoice,EDW_P.RES.DIM_GROUP
2582,RESERVATION,ODS_EDW.RES_NCL.115.Load_FACT_Amenity_Invoice,EDW_P.RES.DIM_RES
2582,RESERVATION,ODS_EDW.RES_NCL.115.Load_FACT_Amenity_Invoice,EDW_P.RES.DIM_VOYAGE_PRORATION
2582,RESERVATION,ODS_EDW.RES_NCL.115.Load_FACT_Amenity_Invoice,EDW_P.RES.DIM_VOYAGE
2582,RESERVATION,ODS_EDW.RES_NCL.115.Load_FACT_Amenity_Invoice,ODS_P.RES_SW.AM_CODE
2582,RESERVATION,ODS_EDW.RES_NCL.115.Load_FACT_Amenity_Invoice,EDW_P.RES.DIM_INVOICE_ITEM_TYPE
2592,RESERVATION,ODS_EDW.RES_NCL.115.Load_FACT_Res_Commission,ODS_P.RES_SW.RES_HEADER
2592,RESERVATION,ODS_EDW.RES_NCL.115.Load_FACT_Res_Commission,EDW_P.RES.DIM_VOYAGE_PRORATION
2592,RESERVATION,ODS_EDW.RES_NCL.115.Load_FACT_Res_Commission,ODS_P.RES_SW.RES_COMMISSION_DETAIL
2592,RESERVATION,ODS_EDW.RES_NCL.115.Load_FACT_Res_Commission,ODS_P.RES_SW.RES_PACKAGE
2592,RESERVATION,ODS_EDW.RES_NCL.115.Load_FACT_Res_Commission,EDW_P.RES.DIM_GUEST
2592,RESERVATION,ODS_EDW.RES_NCL.115.Load_FACT_Res_Commission,EDW_P.RES.DIM_RES
2592,RESERVATION,ODS_EDW.RES_NCL.115.Load_FACT_Res_Commission,EDW_P.RES.DIM_VOYAGE
2592,RESERVATION,ODS_EDW.RES_NCL.115.Load_FACT_Res_Commission,ODS_P_BUSINESS_SUPPORT.RES_SUPP.CURRENCY_EXCHANGE_RATE_SUPP
2592,RESERVATION,ODS_EDW.RES_NCL.115.Load_FACT_Res_Commission,EDW_P.RES.DIM_INVOICE_ITEM_TYPE
2602,RESERVATION,ODS_EDW.RES_NCL.12.Load_FACT_Res_Cost,EDW_P.RES.DIM_INVOICE_ITEM_TYPE
2602,RESERVATION,ODS_EDW.RES_NCL.12.Load_FACT_Res_Cost,ODS_P.RES_SW.RES_INVOICE_ITEM
2602,RESERVATION,ODS_EDW.RES_NCL.12.Load_FACT_Res_Cost,ODS_P_BUSINESS_SUPPORT.RES_SUPP.CRUISE_REWARDS_SUPP
2602,RESERVATION,ODS_EDW.RES_NCL.12.Load_FACT_Res_Cost,ODS_P.RES_SW.VCS_ADDITIONAL_FIELD_VALUE
2602,RESERVATION,ODS_EDW.RES_NCL.12.Load_FACT_Res_Cost,EDW_P.RES.DIM_GUEST
2602,RESERVATION,ODS_EDW.RES_NCL.12.Load_FACT_Res_Cost,EDW_P.RES.DIM_RES
2602,RESERVATION,ODS_EDW.RES_NCL.12.Load_FACT_Res_Cost,EDW_P.RES.DIM_VOYAGE
2602,RESERVATION,ODS_EDW.RES_NCL.12.Load_FACT_Res_Cost,EDW_P.RES.DIM_VOYAGE_PRORATION
2602,RESERVATION,ODS_EDW.RES_NCL.12.Load_FACT_Res_Cost,ODS_P_BUSINESS_SUPPORT.RES_SUPP.CURRENCY_EXCHANGE_RATE_SUPP
2602,RESERVATION,ODS_EDW.RES_NCL.12.Load_FACT_Res_Cost,ODS_P.RES_SW.RES_PACKAGE
2602,RESERVATION,ODS_EDW.RES_NCL.12.Load_FACT_Res_Cost,ODS_P.RES_SW.RES_HEADER
2602,RESERVATION,ODS_EDW.RES_NCL.12.Load_FACT_Res_Cost,ODS_P.RES_SW.RES_COMPONENT_COST
2602,RESERVATION,ODS_EDW.RES_NCL.12.Load_FACT_Res_Cost,ODS_P.RES_SW.RES_GUEST
2602,RESERVATION,ODS_EDW.RES_NCL.12.Load_FACT_Res_Cost,ODS_P.RES_SW.RES_PARAM
2615,RESERVATION,ODS_EDW.RES_NCL.12.Load_FACT_Res_Invoice,EDW_P.RES.DIM_RES
2615,RESERVATION,ODS_EDW.RES_NCL.12.Load_FACT_Res_Invoice,ODS_P.RES_SW.RES_PACKAGE
2615,RESERVATION,ODS_EDW.RES_NCL.12.Load_FACT_Res_Invoice,ODS_P.RES_SW.RES_INVOICE_ITEM
2615,RESERVATION,ODS_EDW.RES_NCL.12.Load_FACT_Res_Invoice,ODS_P.RES_SW.RES_HEADER
2615,RESERVATION,ODS_EDW.RES_NCL.12.Load_FACT_Res_Invoice,EDW_P.RES.DIM_INVOICE_ITEM_TYPE
2615,RESERVATION,ODS_EDW.RES_NCL.12.Load_FACT_Res_Invoice,ODS_P.RES_SW.TOUR_CREDIT
2615,RESERVATION,ODS_EDW.RES_NCL.12.Load_FACT_Res_Invoice,EDW_P.RES.DIM_VOYAGE_PRORATION
2615,RESERVATION,ODS_EDW.RES_NCL.12.Load_FACT_Res_Invoice,EDW_P.RES.DIM_VOYAGE
2615,RESERVATION,ODS_EDW.RES_NCL.12.Load_FACT_Res_Invoice,EDW_P.RES.DIM_GROUP
2627,RESERVATION,ODS_EDW.RES_NCL.122.Load_FACT_GRP_Amenity_Cost,EDW_P.RES.DIM_GUEST
2627,RESERVATION,ODS_EDW.RES_NCL.122.Load_FACT_GRP_Amenity_Cost,EDW_P.RES.DIM_RES
2627,RESERVATION,ODS_EDW.RES_NCL.122.Load_FACT_GRP_Amenity_Cost,EDW_P.RES.DIM_INVOICE_ITEM_TYPE
2627,RESERVATION,ODS_EDW.RES_NCL.122.Load_FACT_GRP_Amenity_Cost,EDW_P.RES.FACT_INVOICE
2627,RESERVATION,ODS_EDW.RES_NCL.122.Load_FACT_GRP_Amenity_Cost,EDW_P.RES.DIM_VOYAGE
2627,RESERVATION,ODS_EDW.RES_NCL.122.Load_FACT_GRP_Amenity_Cost,EDW_P.RES.DIM_VOYAGE_PRORATION
2627,RESERVATION,ODS_EDW.RES_NCL.122.Load_FACT_GRP_Amenity_Cost,ODS_P.RES_SW.AM_CODE
2627,RESERVATION,ODS_EDW.RES_NCL.122.Load_FACT_GRP_Amenity_Cost,ODS_P.RES_SW.RES_PARAM
2627,RESERVATION,ODS_EDW.RES_NCL.122.Load_FACT_GRP_Amenity_Cost,ODS_P.RES_SW.RES_HEADER
2627,RESERVATION,ODS_EDW.RES_NCL.122.Load_FACT_GRP_Amenity_Cost,ODS_P.RES_SW.RES_GUEST
2627,RESERVATION,ODS_EDW.RES_NCL.122.Load_FACT_GRP_Amenity_Cost,ODS_P.RES_SW.AM_ORDER_ITEM
2627,RESERVATION,ODS_EDW.RES_NCL.122.Load_FACT_GRP_Amenity_Cost,ODS_P.RES_SW.AM_ORDER_HEADER
2639,RESERVATION,ODS_EDW.RES_NCL.122.Load_FACT_Res_Air_Cost,ODS_P.DSSTG.STG_NCL_DW_TRIGGER_LOG_INFO
2639,RESERVATION,ODS_EDW.RES_NCL.122.Load_FACT_Res_Air_Cost,EDW_P.RES.DIM_VOYAGE
2639,RESERVATION,ODS_EDW.RES_NCL.122.Load_FACT_Res_Air_Cost,EDW_P.RES.DIM_GUEST
2639,RESERVATION,ODS_EDW.RES_NCL.122.Load_FACT_Res_Air_Cost,ODS_P_BUSINESS_SUPPORT.RES_SUPP.CURRENCY_EXCHANGE_RATE_SUPP
2639,RESERVATION,ODS_EDW.RES_NCL.122.Load_FACT_Res_Air_Cost,EDW_P.RES.DIM_VOYAGE_PRORATION
2639,RESERVATION,ODS_EDW.RES_NCL.122.Load_FACT_Res_Air_Cost,ODS_P.RES_SW.AIR_ACTUAL_TICKET
2639,RESERVATION,ODS_EDW.RES_NCL.122.Load_FACT_Res_Air_Cost,ODS_P.RES_SW.AIR_ACTUAL_RES_LINK
2639,RESERVATION,ODS_EDW.RES_NCL.122.Load_FACT_Res_Air_Cost,ODS_P.RES_SW.RES_COMPONENT
2639,RESERVATION,ODS_EDW.RES_NCL.122.Load_FACT_Res_Air_Cost,ODS_P.RES_SW.RES_AIR_INDEPENDENT_SEGMENT
2639,RESERVATION,ODS_EDW.RES_NCL.122.Load_FACT_Res_Air_Cost,ODS_P.RES_SW.RES_HEADER
2639,RESERVATION,ODS_EDW.RES_NCL.122.Load_FACT_Res_Air_Cost,EDW_P.RES.DIM_INVOICE_ITEM_TYPE
2639,RESERVATION,ODS_EDW.RES_NCL.122.Load_FACT_Res_Air_Cost,ODS_P.RES_SW.AIR_ACTUAL_COST_ITEM
2639,RESERVATION,ODS_EDW.RES_NCL.122.Load_FACT_Res_Air_Cost,ODS_P.RES_SW.PASSENGER
2639,RESERVATION,ODS_EDW.RES_NCL.122.Load_FACT_Res_Air_Cost,ODS_P.RES_SW.AIR_ACTUAL_HEADER
2639,RESERVATION,ODS_EDW.RES_NCL.122.Load_FACT_Res_Air_Cost,ODS_P.RES_SW.RES_GUEST
2639,RESERVATION,ODS_EDW.RES_NCL.122.Load_FACT_Res_Air_Cost,EDW_P.RES.FACT_INVOICE
2639,RESERVATION,ODS_EDW.RES_NCL.122.Load_FACT_Res_Air_Cost,EDW_P.RES.DIM_RES
2653,RESERVATION,ODS_EDW.RES_NCL.124.Load_FACT_Promo_Amenity,ODS_P.RES_SW.RES_ADDON
2653,RESERVATION,ODS_EDW.RES_NCL.124.Load_FACT_Promo_Amenity,EDW_P.RES.DIM_VOYAGE
2653,RESERVATION,ODS_EDW.RES_NCL.124.Load_FACT_Promo_Amenity,EDW_P.RES.DIM_VOYAGE_PRORATION
2653,RESERVATION,ODS_EDW.RES_NCL.124.Load_FACT_Promo_Amenity,ODS_P.RES_SW.VCS_ADDITIONAL_FIELD_VALUE
2653,RESERVATION,ODS_EDW.RES_NCL.124.Load_FACT_Promo_Amenity,EDW_P.RES.DIM_GUEST
2653,RESERVATION,ODS_EDW.RES_NCL.124.Load_FACT_Promo_Amenity,ODS_P.RES_SW.AM_CODE
2653,RESERVATION,ODS_EDW.RES_NCL.124.Load_FACT_Promo_Amenity,EDW_P.RES.DIM_RES
2653,RESERVATION,ODS_EDW.RES_NCL.124.Load_FACT_Promo_Amenity,ODS_P.RES_SW.RES_PACKAGE
2653,RESERVATION,ODS_EDW.RES_NCL.124.Load_FACT_Promo_Amenity,EDW_P.RES.DIM_INVOICE_ITEM_TYPE
2653,RESERVATION,ODS_EDW.RES_NCL.124.Load_FACT_Promo_Amenity,ODS_P.RES_SW.RES_HEADER
2663,RESERVATION,ODS_EDW.RES_NCL.124.Load_FACT_Res_Charges,EDW_P.RES.DIM_VOYAGE
2663,RESERVATION,ODS_EDW.RES_NCL.124.Load_FACT_Res_Charges,EDW_P.RES.DIM_VOYAGE_PRORATION
2663,RESERVATION,ODS_EDW.RES_NCL.124.Load_FACT_Res_Charges,ODS_P_BUSINESS_SUPPORT.RES_SUPP.CURRENCY_EXCHANGE_RATE_SUPP
2663,RESERVATION,ODS_EDW.RES_NCL.124.Load_FACT_Res_Charges,EDW_P.RES.DIM_RES
2663,RESERVATION,ODS_EDW.RES_NCL.124.Load_FACT_Res_Charges,EDW_P.RES.DIM_GUEST
2663,RESERVATION,ODS_EDW.RES_NCL.124.Load_FACT_Res_Charges,EDW_P.RES.DIM_INVOICE_ITEM_TYPE
2674,RESERVATION,ODS_EDW.RES_NCL.1242.Load_FACT_CRP_Cost,EDW_P.CORE.MULTI_CALENDAR
2674,RESERVATION,ODS_EDW.RES_NCL.1242.Load_FACT_CRP_Cost,EDW_P…DIM_INVOICE_ITEM_TYPE
2674,RESERVATION,ODS_EDW.RES_NCL.1242.Load_FACT_CRP_Cost,EDW_P.RES.DIM_VOYAGE
2674,RESERVATION,ODS_EDW.RES_NCL.1242.Load_FACT_CRP_Cost,EDW_P.RES.DIM_VOYAGE_PRORATION
2674,RESERVATION,ODS_EDW.RES_NCL.1242.Load_FACT_CRP_Cost,EDW_P.RES.DIM_INVOICE_ITEM_TYPE
2674,RESERVATION,ODS_EDW.RES_NCL.1242.Load_FACT_CRP_Cost,ODS_P_BUSINESS_SUPPORT.RES_SUPPORT.COMMIT_REPLACEMENT_SUPP
2674,RESERVATION,ODS_EDW.RES_NCL.1242.Load_FACT_CRP_Cost,ODS_P_BUSINESS_SUPPORT.FIN_SUPP.FIN_REPORT_EXCLUSION_SUPP
2674,RESERVATION,ODS_EDW.RES_NCL.1242.Load_FACT_CRP_Cost,EDW_P.RES.FACT_CAPACITY
2685,RESERVATION,ODS_EDW.RES_NCL.1242.Load_FACT_Minibar_Cost,EDW_P.RES.DIM_PROMOTION
2685,RESERVATION,ODS_EDW.RES_NCL.1242.Load_FACT_Minibar_Cost,EDW_P.RES.DIM_INVOICE_ITEM_TYPE
2685,RESERVATION,ODS_EDW.RES_NCL.1242.Load_FACT_Minibar_Cost,EDW_P.RES.DIM_PACKAGE
2685,RESERVATION,ODS_EDW.RES_NCL.1242.Load_FACT_Minibar_Cost,EDW_P.RES.DIM_VOYAGE_PRORATION
2685,RESERVATION,ODS_EDW.RES_NCL.1242.Load_FACT_Minibar_Cost,EDW_P.RES.FACT_CAPACITY
2685,RESERVATION,ODS_EDW.RES_NCL.1242.Load_FACT_Minibar_Cost,STG_P.RES_SUPP.INVOICE_ITEM_TYPE_SUPP
2685,RESERVATION,ODS_EDW.RES_NCL.1242.Load_FACT_Minibar_Cost,EDW_P.RES.DIM_GROUP
2685,RESERVATION,ODS_EDW.RES_NCL.1242.Load_FACT_Minibar_Cost,EDW_P.RES.DIM_GUEST
2685,RESERVATION,ODS_EDW.RES_NCL.1242.Load_FACT_Minibar_Cost,EDW_P.RES.DIM_RES
2685,RESERVATION,ODS_EDW.RES_NCL.1242.Load_FACT_Minibar_Cost,EDW_P.CORE.MULTI_CALENDAR
2685,RESERVATION,ODS_EDW.RES_NCL.1242.Load_FACT_Minibar_Cost,EDW_P.RES.DIM_VOYAGE
2685,RESERVATION,ODS_EDW.RES_NCL.1242.Load_FACT_Minibar_Cost,ODS_P_BUSINESS_SUPPORT.FIN_SUPP.FIN_REPORT_EXCLUSION_SUPP
2685,RESERVATION,ODS_EDW.RES_NCL.1242.Load_FACT_Minibar_Cost,EDW_P.RES.FACT_INVOICE
2696,RESERVATION,ODS_EDW.RES_NCL.1244.Load_FACT_CMI_GRP_Amenity_Cost,ODS_P.RES_SW.AM_CODE
2696,RESERVATION,ODS_EDW.RES_NCL.1244.Load_FACT_CMI_GRP_Amenity_Cost,ODS_P.RES_SW.AM_ORDER_ITEM
2696,RESERVATION,ODS_EDW.RES_NCL.1244.Load_FACT_CMI_GRP_Amenity_Cost,ODS_P.RES_SW.GROUP_BOOKING
2696,RESERVATION,ODS_EDW.RES_NCL.1244.Load_FACT_CMI_GRP_Amenity_Cost,ODS_P.RES_SW.RES_GUEST
2696,RESERVATION,ODS_EDW.RES_NCL.1244.Load_FACT_CMI_GRP_Amenity_Cost,ODS_P.RES_SW.RES_HEADER
2696,RESERVATION,ODS_EDW.RES_NCL.1244.Load_FACT_CMI_GRP_Amenity_Cost,EDW_P.RES.DIM_INVOICE_ITEM_TYPE
2696,RESERVATION,ODS_EDW.RES_NCL.1244.Load_FACT_CMI_GRP_Amenity_Cost,EDW_P.RES.DIM_RES
2696,RESERVATION,ODS_EDW.RES_NCL.1244.Load_FACT_CMI_GRP_Amenity_Cost,EDW_P.RES.DIM_VOYAGE_PRORATION
2696,RESERVATION,ODS_EDW.RES_NCL.1244.Load_FACT_CMI_GRP_Amenity_Cost,EDW_P.RES.DIM_VOYAGE
2696,RESERVATION,ODS_EDW.RES_NCL.1244.Load_FACT_CMI_GRP_Amenity_Cost,ODS_P.RES_SW.AM_ORDER_HEADER
2696,RESERVATION,ODS_EDW.RES_NCL.1244.Load_FACT_CMI_GRP_Amenity_Cost,EDW_P.RES.DIM_GUEST
2696,RESERVATION,ODS_EDW.RES_NCL.1244.Load_FACT_CMI_GRP_Amenity_Cost,EDW_P.RES.DIM_GROUP
2706,RESERVATION,ODS_EDW.RES_NCL.1244.Load_FACT_Invoice_Flat_Adj,EDW_P.RES.DIM_INVOICE_ITEM_TYPE
2706,RESERVATION,ODS_EDW.RES_NCL.1244.Load_FACT_Invoice_Flat_Adj,EDW_P.RES.DIM_VOYAGE_PRORATION
2706,RESERVATION,ODS_EDW.RES_NCL.1244.Load_FACT_Invoice_Flat_Adj,EDW_P.RES.DIM_VOYAGE
2706,RESERVATION,ODS_EDW.RES_NCL.1244.Load_FACT_Invoice_Flat_Adj,ODS_P_BUSINESS_SUPPORT…CMI_SUPP
2706,RESERVATION,ODS_EDW.RES_NCL.1244.Load_FACT_Invoice_Flat_Adj,EDW_P.RES.DIM_AGENCY
2706,RESERVATION,ODS_EDW.RES_NCL.1244.Load_FACT_Invoice_Flat_Adj,EDW_P.RES.DIM_GROUP
2706,RESERVATION,ODS_EDW.RES_NCL.1244.Load_FACT_Invoice_Flat_Adj,ODS_P_BUSINESS_SUPPORT.RES_SUPP.THIRD_PARTY_COMMISSION_SUPP
2727,RESERVATION,ODS_EDW.RES_NCL.125.Load_FACT_Adjust_Invoice,EDW_P.RES.DIM_INVOICE_ITEM_TYPE
2727,RESERVATION,ODS_EDW.RES_NCL.125.Load_FACT_Adjust_Invoice,EDW_P.RES.DIM_VOYAGE_PRORATION
2744,RESERVATION,ODS_EDW.RES_NCL.15.Load_Client_Matches,EDW_P.RES.DIM_RES
2744,RESERVATION,ODS_EDW.RES_NCL.15.Load_Client_Matches,EDW_P.RES.DIM_VOYAGE
2744,RESERVATION,ODS_EDW.RES_NCL.15.Load_Client_Matches,EDW_P.RES.DIM_GUEST
2744,RESERVATION,ODS_EDW.RES_NCL.15.Load_Client_Matches,EDW_P.RES.CLIENT_MATCHES
2744,RESERVATION,ODS_EDW.RES_NCL.15.Load_Client_Matches,ODS_P.RES_SW.ACC_TRANS_DETAIL
2744,RESERVATION,ODS_EDW.RES_NCL.15.Load_Client_Matches,NCLDW.CLIENT_MATCHES
2744,RESERVATION,ODS_EDW.RES_NCL.15.Load_Client_Matches,EDW_P.RES.DIM_CLIENT
2744,RESERVATION,ODS_EDW.RES_NCL.15.Load_Client_Matches,ODS_P.RES_SW.VCS_ADDITIONAL_FIELD_VALUE
2759,RESERVATION,ODS_EDW.RES_NCL.15.Load_DIM_Ship,ODS_P_BUSINESS_SUPPORT.RES_SUPP.SHIP_MASTER_SUPP
2761,RESERVATION,ODS_EDW.RES_NCL.15.Load_FACT_Capacity_Delta,ODS_P.RES_SW.SHIP_INVENTORY_ALLOC
2761,RESERVATION,ODS_EDW.RES_NCL.15.Load_FACT_Capacity_Delta,ODS_P.RES_SW.RES_PACKAGE
2761,RESERVATION,ODS_EDW.RES_NCL.15.Load_FACT_Capacity_Delta,ODS_P.RES_SW.PACKAGE_DEFINITION
2761,RESERVATION,ODS_EDW.RES_NCL.15.Load_FACT_Capacity_Delta,ODS_P.DSSTG.STG_NCL_DW_TRIGGER_LOG_INFO
2761,RESERVATION,ODS_EDW.RES_NCL.15.Load_FACT_Capacity_Delta,EDW_P.RES.DIM_CABIN_CATEGORY
2761,RESERVATION,ODS_EDW.RES_NCL.15.Load_FACT_Capacity_Delta,EDW_P.RES.DIM_VOYAGE
2761,RESERVATION,ODS_EDW.RES_NCL.15.Load_FACT_Capacity_Delta,EDW_P.RES.DIM_GROUP
2761,RESERVATION,ODS_EDW.RES_NCL.15.Load_FACT_Capacity_Delta,EDW_P.RES.FACT_CAPACITY
2761,RESERVATION,ODS_EDW.RES_NCL.15.Load_FACT_Capacity_Delta,EDW_P.RES.DIM_RES
2761,RESERVATION,ODS_EDW.RES_NCL.15.Load_FACT_Capacity_Delta,EDW_P.RES.DIM_VOYAGE_PRORATION
2761,RESERVATION,ODS_EDW.RES_NCL.15.Load_FACT_Capacity_Delta,ODS_P.RES_SW.RES_HEADER
2761,RESERVATION,ODS_EDW.RES_NCL.15.Load_FACT_Capacity_Delta,ODS_P.RES_SW.SHIP_CABIN_RESERVE_TYPE
2761,RESERVATION,ODS_EDW.RES_NCL.15.Load_FACT_Capacity_Delta,ODS_P.RES_SW.SHIP_CABIN_RESERVE
2794,RESERVATION,ODS_EDW.RES_NCL.15.Load_FACT_TA_Commission,EDW_P.RES.DIM_INVOICE_ITEM_TYPE
2794,RESERVATION,ODS_EDW.RES_NCL.15.Load_FACT_TA_Commission,ODS_P.RES_SW.ACC_REFUND_CHECK_TRANS
2794,RESERVATION,ODS_EDW.RES_NCL.15.Load_FACT_TA_Commission,ODS_P.RES_SW.ACC_REFUND_CHECK_LINE
2794,RESERVATION,ODS_EDW.RES_NCL.15.Load_FACT_TA_Commission,ODS_P.RES_SW.ACC_REFUND_CHECK
2794,RESERVATION,ODS_EDW.RES_NCL.15.Load_FACT_TA_Commission,ODS_P_BUSINESS_SUPPORT.RES_SUPP.CURRENCY_EXCHANGE_RATE_SUPP
2794,RESERVATION,ODS_EDW.RES_NCL.15.Load_FACT_TA_Commission,EDW_P.RES.DIM_AGENCY_PAYMENT
2794,RESERVATION,ODS_EDW.RES_NCL.15.Load_FACT_TA_Commission,EDW_P.RES.DIM_GROUP
2794,RESERVATION,ODS_EDW.RES_NCL.15.Load_FACT_TA_Commission,EDW_P.RES.DIM_RES
2794,RESERVATION,ODS_EDW.RES_NCL.15.Load_FACT_TA_Commission,EDW_P.RES.DIM_VOYAGE
2794,RESERVATION,ODS_EDW.RES_NCL.15.Load_FACT_TA_Commission,EDW_P.RES.DIM_AGENCY
2794,RESERVATION,ODS_EDW.RES_NCL.15.Load_FACT_TA_Commission,EDW_P.RES.DIM_VOYAGE_PRORATION
2804,RESERVATION,ODS_EDW.RES_NCL.155.Load_DIM_Voyage,ODS_P_BUSINESS_SUPPORT.RES_SUPP.CMI_SUPP
2804,RESERVATION,ODS_EDW.RES_NCL.155.Load_DIM_Voyage,EDW_P.RES.DIM_VOYAGE
2804,RESERVATION,ODS_EDW.RES_NCL.155.Load_DIM_Voyage,ODS_P.RES_SW.PACKAGE_DEFINITION
2804,RESERVATION,ODS_EDW.RES_NCL.155.Load_DIM_Voyage,ODS_P.RES_SW.PACKAGE_ITINERARY
2804,RESERVATION,ODS_EDW.RES_NCL.155.Load_DIM_Voyage,ODS_P_BUSINESS_SUPPORT.RES_SUPP.ROLLUP_PRODUCT_CODES_SUPP
2804,RESERVATION,ODS_EDW.RES_NCL.155.Load_DIM_Voyage,ODS_P_BUSINESS_SUPPORT.RES_SUPP.SAILING_MASTER_SUPP
2804,RESERVATION,ODS_EDW.RES_NCL.155.Load_DIM_Voyage,ODS_P.RES_SW.SHIP_CABIN_RESERVE
2804,RESERVATION,ODS_EDW.RES_NCL.155.Load_DIM_Voyage,ODS_P_BUSINESS_SUPPORT.RES_SUPP.SL_PRODUCT_CODES_SUPP
2804,RESERVATION,ODS_EDW.RES_NCL.155.Load_DIM_Voyage,ODS_P_BUSINESS_SUPPORT.RES_SUPP.PRODUCT_CODES_SUPP
2804,RESERVATION,ODS_EDW.RES_NCL.155.Load_DIM_Voyage,ODS_P.RES_SW.SHIP
2804,RESERVATION,ODS_EDW.RES_NCL.155.Load_DIM_Voyage,ODS_P_BUSINESS_SUPPORT.RES_SUPP.SL_ROLLUP_PRODUCT_CODES_SUPP
2804,RESERVATION,ODS_EDW.RES_NCL.155.Load_DIM_Voyage,ODS_P.RES_SW.SAIL_HEADER
2804,RESERVATION,ODS_EDW.RES_NCL.155.Load_DIM_Voyage,ODS_P.RES_SW.PACKAGE_TYPE
2804,RESERVATION,ODS_EDW.RES_NCL.155.Load_DIM_Voyage,ODS_P.PRC_MXP_NCL_DBO.CRUISE
2804,RESERVATION,ODS_EDW.RES_NCL.155.Load_DIM_Voyage,ODS_P.RES_SW.VCS_ADDITIONAL_FIELD_VALUE
2804,RESERVATION,ODS_EDW.RES_NCL.155.Load_DIM_Voyage,ODS_P.RES_SW.ACC_VT_REQ_DETAIL
2804,RESERVATION,ODS_EDW.RES_NCL.155.Load_DIM_Voyage,ODS_P.RES_SW.ACC_VT_REQUEST
2804,RESERVATION,ODS_EDW.RES_NCL.155.Load_DIM_Voyage,ODS_P.FMS_FIDELIO.SCR
2804,RESERVATION,ODS_EDW.RES_NCL.155.Load_DIM_Voyage,ODS_P.RES_SW.PACKAGE_COLOR
2804,RESERVATION,ODS_EDW.RES_NCL.155.Load_DIM_Voyage,EDW_P.RES.DIM_SHIP
2813,RESERVATION,ODS_EDW.RES_NCL.16.DIM.Load_Voyage_Proration,EDW_P.RES.DIM_VOYAGE
2815,RESERVATION,ODS_EDW.RES_NCL.165.Generate_File_Cabin_Availability,PUBLISHED_D.EDW_RES.VW_CAP_CV_CABIN_CAPACITY_DIRECT_ALL
2815,RESERVATION,ODS_EDW.RES_NCL.165.Generate_File_Cabin_Availability,EDW_P.RES.DIM_VOYAGE
2818,RESERVATION,ODS_EDW.RES_NCL.165.Load_FACT_Res_Payment,EDW_P.RES.DIM_VOYAGE_PRORATION
2818,RESERVATION,ODS_EDW.RES_NCL.165.Load_FACT_Res_Payment,EDW_P.RES.DIM_RES
2818,RESERVATION,ODS_EDW.RES_NCL.165.Load_FACT_Res_Payment,EDW_P.RES.DIM_VOYAGE
2818,RESERVATION,ODS_EDW.RES_NCL.165.Load_FACT_Res_Payment,EDW_P.RES.DIM_INVOICE_ITEM_TYPE
2818,RESERVATION,ODS_EDW.RES_NCL.165.Load_FACT_Res_Payment,ODS_P.RES_SW.ACC_TRANS_DETAIL
2828,RESERVATION,ODS_EDW.RES_NCL.165.Load_STG_Unbuilt_Voyage,ODS_P.DSSTG.STG_FIN_UNBUILT_VOYAGE_SOURCE_INFO
2830,RESERVATION,ODS_EDW.RES_NCL.17.Load_CDC_Reactivated_Voyages,EDW_P.RES.FACT_CAPACITY
2830,RESERVATION,ODS_EDW.RES_NCL.17.Load_CDC_Reactivated_Voyages,EDW_P.RES.DIM_GROUP
2830,RESERVATION,ODS_EDW.RES_NCL.17.Load_CDC_Reactivated_Voyages,EDW_P.RES.DIM_VOYAGE
2830,RESERVATION,ODS_EDW.RES_NCL.17.Load_CDC_Reactivated_Voyages,EDW_P.RES.DIM_RES
2835,RESERVATION,ODS_EDW.RES_NCL.18.Load_CDC_NCL_DW_TRIGGER_LOG,ODS_P.DSSTG.STG_NCL_DW_TRIGGER_LOG_INFO
2835,RESERVATION,ODS_EDW.RES_NCL.18.Load_CDC_NCL_DW_TRIGGER_LOG,ODS_P.RES_SW.NCL_DW_TRIGGER_LOG
2837,RESERVATION,ODS_EDW.RES_NCL.2.Load_CDC_VCS_Log_Rec,ODS_P.RES_SW.VCS_LOG_RECORD
2838,RESERVATION,ODS_EDW.RES_NCL.21.Load_CDC_Promo_Amenity,ODS_P.RES_SW.VCS_LOG_FIELD
2838,RESERVATION,ODS_EDW.RES_NCL.21.Load_CDC_Promo_Amenity,ODS_P.RES_SW.RES_ADDON
2838,RESERVATION,ODS_EDW.RES_NCL.21.Load_CDC_Promo_Amenity,ODS_P.RES_SW.RES_HEADER
2838,RESERVATION,ODS_EDW.RES_NCL.21.Load_CDC_Promo_Amenity,ODS_P.RES_SW.VCS_LOG_RECORD
2839,RESERVATION,ODS_EDW.RES_NCL.22.Load_CDC_Group_History_Header,ODS_P.RES_SW.GROUP_BOOKING
2839,RESERVATION,ODS_EDW.RES_NCL.22.Load_CDC_Group_History_Header,ODS_P.RES_SW.GROUP_HISTORY_HEADER
2840,RESERVATION,ODS_EDW.RES_NCL.25.Load_CDC_FS_Group,ODS_P.RES_SW.TOUR_CREDIT
2840,RESERVATION,ODS_EDW.RES_NCL.25.Load_CDC_FS_Group,ODS_P.RES_SW.RES_HEADER
2840,RESERVATION,ODS_EDW.RES_NCL.25.Load_CDC_FS_Group,ODS_P.RES_SW.RES_HIST_VALUE
2840,RESERVATION,ODS_EDW.RES_NCL.25.Load_CDC_FS_Group,ODS_P.RES_SW.RES_HIST_TRANS
2846,RESERVATION,ODS_EDW.RES_NCL.3.Load_CDC_Res_Guest,ODS_P.RES_SW.RES_HIST_TRANS
2846,RESERVATION,ODS_EDW.RES_NCL.3.Load_CDC_Res_Guest,ODS_P.RES_SW.RES_HEADER
2846,RESERVATION,ODS_EDW.RES_NCL.3.Load_CDC_Res_Guest,EDW_P.RES.DIM_GUEST
2846,RESERVATION,ODS_EDW.RES_NCL.3.Load_CDC_Res_Guest,ODS_P.RES_SW.RES_HIST_VALUE
2846,RESERVATION,ODS_EDW.RES_NCL.3.Load_CDC_Res_Guest,ODS_P.RES_SW.RES_HIST_TREE
2846,RESERVATION,ODS_EDW.RES_NCL.3.Load_CDC_Res_Guest,EDW_P.RES.DIM_VOYAGE
2848,RESERVATION,ODS_EDW.RES_NCL.31.Load_CDC_RETRIGGER_LOG_SUPP,ODS_P_BUSINESS_SUPPORT.RES_SUPP.RETRIGGER_LOG_SUPP
2850,RESERVATION,ODS_EDW.RES_NCL.32.Load_CDC_Ship_Inventory_Alloc,ODS_P.RES_SW.SHIP_INVENTORY_ALLOC
2850,RESERVATION,ODS_EDW.RES_NCL.32.Load_CDC_Ship_Inventory_Alloc,ODS_P.RES_SW.RES_HEADER
2857,RESERVATION,ODS_EDW.RES_NCL.33.Load_CDC_Amenity_Cost_Change,ODS_P.RES_SW.VCS_ADDITIONAL_FIELD_VALUE
2857,RESERVATION,ODS_EDW.RES_NCL.33.Load_CDC_Amenity_Cost_Change,ODS_P.RES_SW.AM_ORDER_ITEM
2857,RESERVATION,ODS_EDW.RES_NCL.33.Load_CDC_Amenity_Cost_Change,ODS_P.RES_SW.VCS_LOG_RECORD
2857,RESERVATION,ODS_EDW.RES_NCL.33.Load_CDC_Amenity_Cost_Change,ODS_P.RES_SW.RES_HEADER
2857,RESERVATION,ODS_EDW.RES_NCL.33.Load_CDC_Amenity_Cost_Change,ODS_P.RES_SW.GROUP_BOOKING
2857,RESERVATION,ODS_EDW.RES_NCL.33.Load_CDC_Amenity_Cost_Change,ODS_P.RES_SW.RES_ADDON
2857,RESERVATION,ODS_EDW.RES_NCL.33.Load_CDC_Amenity_Cost_Change,ODS_P.RES_SW.AM_CODE
2857,RESERVATION,ODS_EDW.RES_NCL.33.Load_CDC_Amenity_Cost_Change,ODS_P.RES_SW.AM_ORDER_HEADER
2862,RESERVATION,ODS_EDW.RES_NCL.335.Load_CDC_Charges,ODS_P.RES_SW.RES_CHARGE_DETAIL
2862,RESERVATION,ODS_EDW.RES_NCL.335.Load_CDC_Charges,ODS_P.RES_SW.RES_HEADER
2862,RESERVATION,ODS_EDW.RES_NCL.335.Load_CDC_Charges,ODS_P.RES_SW.RES_CHARGE_SUBDETAIL
2872,RESERVATION,ODS_EDW.RES_NCL.34.Load_CDC_Res_Air,ODS_P.RES_SW.NCL_PROJ_AIR_FARE_DETAILS
2872,RESERVATION,ODS_EDW.RES_NCL.34.Load_CDC_Res_Air,ODS_P.RES_SW.NCL_AIR_COST_BY_GUEST
2872,RESERVATION,ODS_EDW.RES_NCL.34.Load_CDC_Res_Air,ODS_P.RES_SW.RES_HISTORY
2872,RESERVATION,ODS_EDW.RES_NCL.34.Load_CDC_Res_Air,ODS_P.RES_SW.RES_HEADER
2872,RESERVATION,ODS_EDW.RES_NCL.34.Load_CDC_Res_Air,ODS_P.AIR_TRAVCOM.TRAVCOM_GUEST_ID_AIR_COST
2872,RESERVATION,ODS_EDW.RES_NCL.34.Load_CDC_Res_Air,ODS_P.RES_SW.RES_GUEST
2881,RESERVATION,ODS_EDW.RES_NCL.345.Load_CDC_Acc_Coupon,ODS_P.RES_SW.RES_HEADER
2881,RESERVATION,ODS_EDW.RES_NCL.345.Load_CDC_Acc_Coupon,ODS_P.RES_SW.ACC_TRANS_DETAIL
2881,RESERVATION,ODS_EDW.RES_NCL.345.Load_CDC_Acc_Coupon,ODS_P.RES_SW.ACC_COUPON
2882,RESERVATION,ODS_EDW.RES_NCL.346.Load_CDC_Client,ODS_P.DSSTG.STG_SF_CONTACT_INFO
2883,RESERVATION,ODS_EDW.RES_NCL.35.Load_CDC_Journal_Mstr,ODS_P.RES_SW.NCL_LATITUDES_CLIENT_JRN_MSTR
2883,RESERVATION,ODS_EDW.RES_NCL.35.Load_CDC_Journal_Mstr,ODS_P.RES_SW.NCL_LATITUDES_POINTS_LOOKUP
2891,RESERVATION,ODS_EDW.RES_NCL.5.Load_DIM_Port_Master,ODS_P.RES_SW.PORT
2891,RESERVATION,ODS_EDW.RES_NCL.5.Load_DIM_Port_Master,ODS_P.RES_SW.SAIL_ACTIVITY
2894,RESERVATION,ODS_EDW.RES_NCL.55.Load_DIM_Invoice_Item_From_Supp,ODS_P_BUSINESS_SUPPORT.RES_SUPP.INVOICE_ITEM_TYPE_SUPP
2896,RESERVATION,ODS_EDW.RES_NCL.6.Load_DIM_Cabin_Category,ODS_P.RES_SW.CABIN_ATTRIBUTE_LINK
2896,RESERVATION,ODS_EDW.RES_NCL.6.Load_DIM_Cabin_Category,ODS_P_BUSINESS_SUPPORT.RES_SUPP.CATEGORY_MASTER_SUPP
2896,RESERVATION,ODS_EDW.RES_NCL.6.Load_DIM_Cabin_Category,EDW_P.RES.DIM_VOYAGE
2896,RESERVATION,ODS_EDW.RES_NCL.6.Load_DIM_Cabin_Category,EDW_P.RES.DIM_CABIN_CATEGORY
2896,RESERVATION,ODS_EDW.RES_NCL.6.Load_DIM_Cabin_Category,ODS_P.RES_SW.SHIP_DECK
2896,RESERVATION,ODS_EDW.RES_NCL.6.Load_DIM_Cabin_Category,ODS_P.RES_SW.SHIP_CABIN_CTG_LINK
2896,RESERVATION,ODS_EDW.RES_NCL.6.Load_DIM_Cabin_Category,ODS_P.RES_SW.SHIP_CABIN_RESERVE
2896,RESERVATION,ODS_EDW.RES_NCL.6.Load_DIM_Cabin_Category,ODS_P.RES_SW.SAIL_HEADER
2896,RESERVATION,ODS_EDW.RES_NCL.6.Load_DIM_Cabin_Category,ODS_P.RES_SW.SHIP_CABIN
2896,RESERVATION,ODS_EDW.RES_NCL.6.Load_DIM_Cabin_Category,ODS_P.RES_SW.PACKAGE_DEFINITION
2896,RESERVATION,ODS_EDW.RES_NCL.6.Load_DIM_Cabin_Category,ODS_P.RES_SW.CABIN_ATTRIBUTE
2901,RESERVATION,ODS_EDW.RES_NCL.65.Load_DIM_Operator,ODS_P.RES_SW.USER_LOGIN
2901,RESERVATION,ODS_EDW.RES_NCL.65.Load_DIM_Operator,ODS_P.DSSTG.STG_NCL_DW_TRIGGER_LOG_INFO
2903,RESERVATION,ODS_EDW.RES_NCL.7.Load_DIM_Client,EDW_P.RES.DIM_CLIENT
2903,RESERVATION,ODS_EDW.RES_NCL.7.Load_DIM_Client,ODS_P.RES_SW.CLIENT
2903,RESERVATION,ODS_EDW.RES_NCL.7.Load_DIM_Client,ODS_P.RES_SW.HOUSEHOLD_PHONE
2903,RESERVATION,ODS_EDW.RES_NCL.7.Load_DIM_Client,ODS_P.RES_SW.HOUSEHOLD_ADDRESS
2903,RESERVATION,ODS_EDW.RES_NCL.7.Load_DIM_Client,ODS_P.DSSTG.STG_NCL_DW_TRIGGER_LOG_INFO
2912,RESERVATION,ODS_EDW.RES_NCL.75.Load_DIM_Agency,ODS_P.RES_SW.REGION_CONTACT
2912,RESERVATION,ODS_EDW.RES_NCL.75.Load_DIM_Agency,ODS_P.RES_SW.COMMISSION_CODE
2912,RESERVATION,ODS_EDW.RES_NCL.75.Load_DIM_Agency,ODS_P.RES_SW.AGENCY
2912,RESERVATION,ODS_EDW.RES_NCL.75.Load_DIM_Agency,ODS_P.RES_SW.AGENCY_COMMISSION
2912,RESERVATION,ODS_EDW.RES_NCL.75.Load_DIM_Agency,ODS_P_BUSINESS_SUPPORT.RES_SUPP.AGENCY_SUPP
2912,RESERVATION,ODS_EDW.RES_NCL.75.Load_DIM_Agency,ODS_P.RES_SW.VCS_ADDITIONAL_FIELD_VALUE
2912,RESERVATION,ODS_EDW.RES_NCL.75.Load_DIM_Agency,ODS_P_BUSINESS_SUPPORT.RES_SUPP.AGENCY_CLASSIFICATION_SUPP
2912,RESERVATION,ODS_EDW.RES_NCL.75.Load_DIM_Agency,ODS_P.RES_SW.AGENCY_REGION_LINK
2912,RESERVATION,ODS_EDW.RES_NCL.75.Load_DIM_Agency,ODS_P.RES_NVS_DBO.REGION
2912,RESERVATION,ODS_EDW.RES_NCL.75.Load_DIM_Agency,ODS_P.RES_SW.AGENCY_LINK
2912,RESERVATION,ODS_EDW.RES_NCL.75.Load_DIM_Agency,ODS_P.RES_SW.AGENCY_COMMISSION_TIER
2912,RESERVATION,ODS_EDW.RES_NCL.75.Load_DIM_Agency,ODS_P.RES_SW.REGION_DISTRICT_LINK
2912,RESERVATION,ODS_EDW.RES_NCL.75.Load_DIM_Agency,ODS_P.RES_SW.AGENCY_CLASSIFICATION_LINK
2912,RESERVATION,ODS_EDW.RES_NCL.75.Load_DIM_Agency,ODS_P.RES_SW.REGION
2934,RESERVATION,ODS_EDW.RES_NCL.8.Load_DIM_Agency_Payment,ODS_P.DSSTG.STG_NCL_DW_TRIGGER_LOG_INFO
2934,RESERVATION,ODS_EDW.RES_NCL.8.Load_DIM_Agency_Payment,EDW_P.RES.DIM_AGENCY_PAYMENT
2934,RESERVATION,ODS_EDW.RES_NCL.8.Load_DIM_Agency_Payment,ODS_P.RES_SW.ACC_REFUND_CHECK
2939,RESERVATION,ODS_EDW.RES_NCL.8.Load_DIM_Package,ODS_P.DSSTG.STG_NCL_DW_TRIGGER_LOG_INFO
2939,RESERVATION,ODS_EDW.RES_NCL.8.Load_DIM_Package,ODS_P.RES_SW.PACKAGE_DEFINITION
2939,RESERVATION,ODS_EDW.RES_NCL.8.Load_DIM_Package,ODS_P.RES_SW.PACKAGE_TYPE
2941,RESERVATION,ODS_EDW.RES_NCL.85.Load_DIM_Promotion,ODS_P.RES_SW.PAP_MASTER
2941,RESERVATION,ODS_EDW.RES_NCL.85.Load_DIM_Promotion,ODS_P_BUSINESS_SUPPORT.RES_SUPP.META_PRICE_PROGRAMS_SUPP
2941,RESERVATION,ODS_EDW.RES_NCL.85.Load_DIM_Promotion,ODS_P.DSSTG.STG_NCL_DW_TRIGGER_LOG_INFO
2941,RESERVATION,ODS_EDW.RES_NCL.85.Load_DIM_Promotion,ODS_P_BUSINESS_SUPPORT.RES_SUPP.SUPER_PRICE_PROGRAMS_SUPP
2941,RESERVATION,ODS_EDW.RES_NCL.85.Load_DIM_Promotion,ODS_P.RES_SW.VCS_ADDITIONAL_FIELD_VALUE
2943,RESERVATION,ODS_EDW.RES_NCL.9.Load_DIM_Group,ODS_P.DSSTG.STG_NCL_DW_TRIGGER_LOG_INFO
2943,RESERVATION,ODS_EDW.RES_NCL.9.Load_DIM_Group,EDW_P.RES.DIM_GROUP
2943,RESERVATION,ODS_EDW.RES_NCL.9.Load_DIM_Group,ODS_P.RES_SW.RES_HEADER
2943,RESERVATION,ODS_EDW.RES_NCL.9.Load_DIM_Group,EDW_P.RES.DIM_VOYAGE
2943,RESERVATION,ODS_EDW.RES_NCL.9.Load_DIM_Group,ODS_P.RES_SW.AGENCY_SAIL_PROGRAM
2943,RESERVATION,ODS_EDW.RES_NCL.9.Load_DIM_Group,ODS_P.RES_SW.GROUP_BOOKING
2943,RESERVATION,ODS_EDW.RES_NCL.9.Load_DIM_Group,ODS_P.RES_SW.GROUP_SHIP_REQUEST
2943,RESERVATION,ODS_EDW.RES_NCL.9.Load_DIM_Group,ODS_P.RES_SW.GROUP_EVENT
2952,RESERVATION,ODS_EDW.RES_NCL.95.Load_DIM_Res,ODS_P.RES_SW.RES_SHIP_REQUEST
2952,RESERVATION,ODS_EDW.RES_NCL.95.Load_DIM_Res,EDW_P.RES.DIM_VOYAGE
2952,RESERVATION,ODS_EDW.RES_NCL.95.Load_DIM_Res,ODS_P.RES_SW.AGENT
2952,RESERVATION,ODS_EDW.RES_NCL.95.Load_DIM_Res,ODS_P.RES_SW.RES_PARAM
2952,RESERVATION,ODS_EDW.RES_NCL.95.Load_DIM_Res,ODS_P.RES_SW.PACKAGE_DEFINITION
2952,RESERVATION,ODS_EDW.RES_NCL.95.Load_DIM_Res,ODS_P_BUSINESS_SUPPORT.RES_SUPP.COUNTRY_SUPP
2952,RESERVATION,ODS_EDW.RES_NCL.95.Load_DIM_Res,ODS_P.RES_SW.CLIENT
2952,RESERVATION,ODS_EDW.RES_NCL.95.Load_DIM_Res,ODS_P.RES_SW.VIEW_RES_DATES
2952,RESERVATION,ODS_EDW.RES_NCL.95.Load_DIM_Res,ODS_P.RES_SW.VIEW_RES_REAL_OPERATOR
2952,RESERVATION,ODS_EDW.RES_NCL.95.Load_DIM_Res,EDW_P.RES.DIM_CABIN_CATEGORY
2952,RESERVATION,ODS_EDW.RES_NCL.95.Load_DIM_Res,ODS_P.RES_SW.HOUSEHOLD_ADDRESS
2952,RESERVATION,ODS_EDW.RES_NCL.95.Load_DIM_Res,EDW_P.RES.DIM_RES
2952,RESERVATION,ODS_EDW.RES_NCL.95.Load_DIM_Res,ODS_P.RES_SW.RES_HEADER
2952,RESERVATION,ODS_EDW.RES_NCL.95.Load_DIM_Res,ODS_P.RES_SW.RES_GUEST
2952,RESERVATION,ODS_EDW.RES_NCL.95.Load_DIM_Res,ODS_P.RES_SW.RES_PACKAGE
2962,RESERVATION,ODS_EDW.RES_OCI.0100.Load_DIM_Voyage,EDW_P…DIM_SHIP
2962,RESERVATION,ODS_EDW.RES_OCI.0100.Load_DIM_Voyage,ODS_P_PCH.FMS_FIDELIO.SCR
2965,RESERVATION,ODS_EDW.RES_OCI.0200.Load_DIM_Client,ODS_P.RES_NVS.MPAUDIT
2965,RESERVATION,ODS_EDW.RES_OCI.0200.Load_DIM_Client,STG_P.RES.STG_NCL_LATITUDES_CLIENT_JRN_MSTR_INFO_STEP1A
2965,RESERVATION,ODS_EDW.RES_OCI.0200.Load_DIM_Client,ODS_P.RES_NVS.MPDELETE
2965,RESERVATION,ODS_EDW.RES_OCI.0200.Load_DIM_Client,ODS_P.RES_NVS.MPAUDIT
2965,RESERVATION,ODS_EDW.RES_OCI.0200.Load_DIM_Client,ODS_P.ES_NVS_DBO.MPBONUS
2965,RESERVATION,ODS_EDW.RES_OCI.0200.Load_DIM_Client,EDW_P.RES.DIM_CLIENT
2965,RESERVATION,ODS_EDW.RES_OCI.0200.Load_DIM_Client,ODS_P.RES_NVS_DBO.SALES
2965,RESERVATION,ODS_EDW.RES_OCI.0200.Load_DIM_Client,STG_P.RES.STG_NVS_CLIENT_DIM_SOURCE_INFO_STEP1A
2965,RESERVATION,ODS_EDW.RES_OCI.0200.Load_DIM_Client,STG_P.RES.DIM_CLIENT ODS_P.RES_NVS.CNLPAX
2965,RESERVATION,ODS_EDW.RES_OCI.0200.Load_DIM_Client,ODS_P.RES_NVS.CNLPAX
2965,RESERVATION,ODS_EDW.RES_OCI.0200.Load_DIM_Client,ODS_P…SALES
2965,RESERVATION,ODS_EDW.RES_OCI.0200.Load_DIM_Client,ODS_P.RES_NVS.MPBONUS
2965,RESERVATION,ODS_EDW.RES_OCI.0200.Load_DIM_Client,ODS_P.PRC_MXP_NCLH_DBO.CRUISE
2965,RESERVATION,ODS_EDW.RES_OCI.0200.Load_DIM_Client,ODS_P.RES_NVS_DBO.MPAUDIT
2965,RESERVATION,ODS_EDW.RES_OCI.0200.Load_DIM_Client,ODS_P.RES_NVS.PAX
2965,RESERVATION,ODS_EDW.RES_OCI.0200.Load_DIM_Client,STG_P.RES.STG_NCL_LATITUDES_POINTS_LOOKUP_INFO
2976,RESERVATION,ODS_EDW.RES_OCI.0300.Load_DIM_Agency,EDW_P.RES.DIM_AGENCY
2976,RESERVATION,ODS_EDW.RES_OCI.0300.Load_DIM_Agency,ODS_P.RES_NVS.REPS
2976,RESERVATION,ODS_EDW.RES_OCI.0300.Load_DIM_Agency,ODS_P.RES_NVS.REGION
2976,RESERVATION,ODS_EDW.RES_OCI.0300.Load_DIM_Agency,ODS_P.RES_NVS_DBO.AGENTCOM
2976,RESERVATION,ODS_EDW.RES_OCI.0300.Load_DIM_Agency,ODS_P.RES_NVS_DBO.DIRECT
2976,RESERVATION,ODS_EDW.RES_OCI.0300.Load_DIM_Agency,ODS_P.RES_NVS_DBO.AGENTS
2976,RESERVATION,ODS_EDW.RES_OCI.0300.Load_DIM_Agency,ODS_P_BUSINESS_SUPPORT.RES_SUPP.COUNTRY_SUPP
2976,RESERVATION,ODS_EDW.RES_OCI.0300.Load_DIM_Agency,ODS_P.DSSTG.STG_FC_AGENCY_DIM_SOURCE_INFO
2976,RESERVATION,ODS_EDW.RES_OCI.0300.Load_DIM_Agency,EDW_P…DIM_AGENCY
2979,RESERVATION,ODS_EDW.RES_OCI.0400.Load_DIM_Group,ODS_P.PRC_MXP_NCLH_DBO.CRUISE
2979,RESERVATION,ODS_EDW.RES_OCI.0400.Load_DIM_Group,EDW_P.RES.DIM_GROUP
2979,RESERVATION,ODS_EDW.RES_OCI.0400.Load_DIM_Group,ODS_P.RES_NVS_DBO.GRPCON
2979,RESERVATION,ODS_EDW.RES_OCI.0400.Load_DIM_Group,ODS_P.RES_NVS_DBO.SALES
2979,RESERVATION,ODS_EDW.RES_OCI.0400.Load_DIM_Group,ODS_P.RES_NVS_DBO.GRPMISC
2980,RESERVATION,ODS_EDW.RES_OCI.0500.Load_DIM_Operator,EDW_P.RES.DIM_OPERATOR
2980,RESERVATION,ODS_EDW.RES_OCI.0500.Load_DIM_Operator,ODS_P.PRC_MXP_NCLH_DBO.USERS
2982,RESERVATION,ODS_EDW.RES_OCI.0600.Load_DIM_Res,ODS_P.RES_NVS.SALEMISC
2982,RESERVATION,ODS_EDW.RES_OCI.0600.Load_DIM_Res,ODS_P.RES_NVS.CLASS
2982,RESERVATION,ODS_EDW.RES_OCI.0600.Load_DIM_Res,ODS_P.RES_NVS_DBO.SOURCES
2982,RESERVATION,ODS_EDW.RES_OCI.0600.Load_DIM_Res,ODS_P.RES_NVS_DBO.GDSDEFINITIONS
2982,RESERVATION,ODS_EDW.RES_OCI.0600.Load_DIM_Res,ODS_P.RES_NVS_DBO.SALEPAX
2982,RESERVATION,ODS_EDW.RES_OCI.0600.Load_DIM_Res,ODS_P.PRC_MXP_NCLH_DBO.CRUISE
2982,RESERVATION,ODS_EDW.RES_OCI.0600.Load_DIM_Res,ODS_P.RES_NVS_DBO.SALES
2985,RESERVATION,ODS_EDW.RES_OCI.0700.Load_DIM_Guest,ODS_P.RES_NVS_DBO.SALEPAX
2985,RESERVATION,ODS_EDW.RES_OCI.0700.Load_DIM_Guest,EDW_P.RES.DIM_GUEST
2985,RESERVATION,ODS_EDW.RES_OCI.0700.Load_DIM_Guest,ODS_P.RES_NVS_DBO.SALES
2985,RESERVATION,ODS_EDW.RES_OCI.0700.Load_DIM_Guest,ODS_P.RES_NVS.PAX
2985,RESERVATION,ODS_EDW.RES_OCI.0700.Load_DIM_Guest,ODS_P.RES_NVS.MPDELETE
2985,RESERVATION,ODS_EDW.RES_OCI.0700.Load_DIM_Guest,ODS_P.RES_NVS_DBO.MPAUDIT
2985,RESERVATION,ODS_EDW.RES_OCI.0700.Load_DIM_Guest,ODS_P.PRC_MXP_NCLH_DBO.CRUISE
2996,RESERVATION,ODS_EDW.RES_RGT.0100.Load_DIM_Voyage,ODS_P.PRC_MXP_NCLH_DBO.CRUISE
2996,RESERVATION,ODS_EDW.RES_RGT.0100.Load_DIM_Voyage,EDW_P.RES.DIM_VOYAGE
2999,RESERVATION,ODS_EDW.RES_RGT.0110.Load_Voyage_Proration,DF_NVS_load_Voyage_Proration
2999,RESERVATION,ODS_EDW.RES_RGT.0110.Load_Voyage_Proration,ODS_P…DIM_CRUISE
3006,RESERVATION,ODS_EDW.RES_RGT.0700.Load_DIM_Guest,STG_P.RES.DIM_GUEST
3489,RESERVATION,SUPP_EDW.SUPP.0880.Load_Amenities_Supp,DF_SUPP_Delta_Load_Amenities_Supp_UI
3494,RESERVATION,SUPP_EDW.SUPP.1.Load_Agency_Hierarchy_Supp,LZ_P_BUSINESS_SUPPORT.APP_DAP.AGENCY_HIERARCHY_SUPP
3502,RESERVATION,SUPP_EDW.SUPP.15.Load_Asset_Master_Supp,LZ_P_BUSINESS_SUPPORT.APP_DAP.ASSET_MASTER_SUPP
3504,RESERVATION,SUPP_EDW.SUPP.2.Load_Casino_Slot_Master_Desc_Supp,LZ_P_BUSINESS_SUPPORT.APP_DAP.CASINO_SLOT_MASTER_DESC_SUPP
3511,RESERVATION,SUPP_EDW.SUPP.245.Load_Prevent_Departure_Supp,LZ_P_BUSINESS_SUPPORT.APP_DAP.GUEST_PREVENT_DEPARTURE
3513,RESERVATION,SUPP_EDW.SUPP.25.Load_Category_Master_Supp,LZ_P_BUSINESS_SUPPORT.APP_DAP.CATEGORY_MASTER_SUPP
3515,RESERVATION,SUPP_EDW.SUPP.3.Load_Currency_Exchange_Rate_Supp,LZ_P_BUSINESS_SUPPORT.APP_DAP.CURRENCY_EXCHANGE_RATE_SUPP
3520,RESERVATION,SUPP_EDW.SUPP.35.Load_District_Master_Supp,LZ_P_BUSINESS_SUPPORT.MKT_NCLH.DISTRICT_MASTER_SUPP
3520,RESERVATION,SUPP_EDW.SUPP.35.Load_District_Master_Supp,ODS_P_BUSINESS_SUPPORT.RES_SUPP.DISTRICT_MASTER_SUPP
3523,RESERVATION,SUPP_EDW.SUPP.4.Load_Full_Ship_Charters_Supp,LZ_P_BUSINESS_SUPPORT.APP_DAP.FULL_SHIP_CHARTERS_SUPP
3525,RESERVATION,SUPP_EDW.SUPP.45.Load_Guest_Types_Supp,GUEST_TYPES_SOURCE_SUPP
3525,RESERVATION,SUPP_EDW.SUPP.45.Load_Guest_Types_Supp,GUEST_TYPES_SUPP
3525,RESERVATION,SUPP_EDW.SUPP.45.Load_Guest_Types_Supp,GUEST_TYPE
3525,RESERVATION,SUPP_EDW.SUPP.45.Load_Guest_Types_Supp,STG_GUEST_TYPES_INFO
3525,RESERVATION,SUPP_EDW.SUPP.45.Load_Guest_Types_Supp,STG_GUEST_TYPES_SUPP
3529,RESERVATION,SUPP_EDW.SUPP.5.Load_Region_Master_Supp,LZ_P_BUSINESS_SUPPORT.APP_DAP.REGION_MASTER_SUPP
3531,RESERVATION,SUPP_EDW.SUPP.5.Load_Stg_Upgrade_Eligibility,ODS_P.RES_SW.UPGRADE_ELIGIBILITY
3532,RESERVATION,SUPP_EDW.SUPP.5.Load_Strategic_Price_Control_Supp,LZ_P_BUSINESS_SUPPORT.APP_DAP.TBL_STRATEGIC_PRICE_CONTROL
3533,RESERVATION,SUPP_EDW.SUPP.55.Load_Sailing_Master_Supp,ODS_P_BUSINESS_SUPPORT.RES_SUPP.SAILING_MASTER_SUPP
3533,RESERVATION,SUPP_EDW.SUPP.55.Load_Sailing_Master_Supp,ODS_P_BUSINESS_SUPPORT.RES_SUPP.CATEGORY_MASTER_SUPP
3533,RESERVATION,SUPP_EDW.SUPP.55.Load_Sailing_Master_Supp,ODS_P_BUSINESS_SUPPORT.RES_SUPP.META_CATEGORY_SUPP
3533,RESERVATION,SUPP_EDW.SUPP.55.Load_Sailing_Master_Supp,ODS_P_BUSINESS_SUPPORT.RES_SUPP.CMI_SUPP
3533,RESERVATION,SUPP_EDW.SUPP.55.Load_Sailing_Master_Supp,ODS_P.RES_SW.PACKAGE_DEFINITION
3533,RESERVATION,SUPP_EDW.SUPP.55.Load_Sailing_Master_Supp,ODS_P_BUSINESS_SUPPORT.RES_SUPP.SAILING_MASTER_SOURCE_SUPP
3549,RESERVATION,SUPP_EDW.SUPP.61.Load_Port_Substitution_Supp,LZ_P_BUSINESS_SUPPORT.APP_DAP.PORT_SUBSTITUTION_SUPP
3551,RESERVATION,SUPP_EDW.SUPP.65.Load_Super_Price_Programs_Supp,LZ_P_BUSINESS_SUPPORT.APP_DAP.SUPER_PRICE_PROGRAMS_SUPP
3553,RESERVATION,SUPP_EDW.SUPP.7.Load_Meta_Price_Programs_Supp,LZ_P_BUSINESS_SUPPORT.APP_DAP.META_PRICE_PROGRAMS_SUPP
3555,RESERVATION,SUPP_EDW.SUPP.75.Load_Product_Codes_Supp,LZ_P_BUSINESS_SUPPORT.APP_DAP.PRODUCT_CODES_SUPP
3557,RESERVATION,SUPP_EDW.SUPP.8.Load_Rollup_Product_Codes_Supp,LZ_P_BUSINESS_SUPPORT.APP_DAP.ROLLUP_PRODUCT_CODES_SUPP
3559,RESERVATION,SUPP_EDW.SUPP.85.Load_Revenue_Breakout_Supp,LZ_P_BUSINESS_SUPPORT.APP_DAP.REVENUE_BREAKOUT_SUPP
3561,RESERVATION,SUPP_EDW.SUPP.85.Load_SL_Product_Codes_Supp,LZ_P_BUSINESS_SUPPORT.APP_DAP.SL_PRODUCT_CODES_SUPP
3563,RESERVATION,SUPP_EDW.SUPP.9.Load_Amenity_Details_Supp,STG_P.RES_SUPP.AMENITY_DETAILS_SUPP
3565,RESERVATION,SUPP_EDW.SUPP.9.Load_SL_Rollup_Product_Codes_Supp,LZ_P_BUSINESS_SUPPORT.APP_DAP.SL_ROLLUP_PRODUCT_CODES_SUPP
3567,RESERVATION,SUPP_EDW.SUPP.92.Load_Amenity_Inv_Item_Type_Supp,ODS_P.RES_SW.VCS_ADDITIONAL_FIELD_VALUE
3567,RESERVATION,SUPP_EDW.SUPP.92.Load_Amenity_Inv_Item_Type_Supp,ODS_P.RES_SW.AM_CODE
3569,RESERVATION,SUPP_EDW.SUPP.925.Load_Invoice_Item_Type_Supp,ODS_P_BUSINESS_SUPPORT.RES_SUPP.INVOICE_ITEM_TYPE_SUPP
3572,RESERVATION,SUPP_EDW.SUPP.93.Load_CMI_Supp,EDW_P.RES.DIM_VOYAGE
3583,RESERVATION,SUPP_EDW.SUPP_R1.0010.Load_Sailing_Master_Supp,ODS_P.RES_SW.PACKAGE_DEFINITION
3583,RESERVATION,SUPP_EDW.SUPP_R1.0010.Load_Sailing_Master_Supp,ODS_P_BUSINESS_SUPPORT.RES_SUPP.SAILING_MASTER_SUPP
3583,RESERVATION,SUPP_EDW.SUPP_R1.0010.Load_Sailing_Master_Supp,ODS_P_BUSINESS_SUPPORT.RES_SUPP.CMI_SUPP
3583,RESERVATION,SUPP_EDW.SUPP_R1.0010.Load_Sailing_Master_Supp,ODS_P_BUSINESS_SUPPORT.RES_SUPP.META_CATEGORY_SUPP
3583,RESERVATION,SUPP_EDW.SUPP_R1.0010.Load_Sailing_Master_Supp,ODS_P_BUSINESS_SUPPORT.RES_SUPP.CATEGORY_MASTER_SUPP
3583,RESERVATION,SUPP_EDW.SUPP_R1.0010.Load_Sailing_Master_Supp,ODS_P_BUSINESS_SUPPORT.RES_SUPP.SAILING_MASTER_SOURCE_SUPP
3598,RESERVATION,SUPP_EDW.SUPP_R2.0010.Load_Sailing_Master_Supp,ODS_P_BUSINESS_SUPPORT.RES_SUPP.SAILING_MASTER_SUPP
3598,RESERVATION,SUPP_EDW.SUPP_R2.0010.Load_Sailing_Master_Supp,ODS_P.RES_SW.PACKAGE_DEFINITION
3598,RESERVATION,SUPP_EDW.SUPP_R2.0010.Load_Sailing_Master_Supp,ODS_P_BUSINESS_SUPPORT.RES_SUPP.CATEGORY_MASTER_SUPP
3598,RESERVATION,SUPP_EDW.SUPP_R2.0010.Load_Sailing_Master_Supp,ODS_P_BUSINESS_SUPPORT.RES_SUPP.META_CATEGORY_SUPP
3598,RESERVATION,SUPP_EDW.SUPP_R2.0010.Load_Sailing_Master_Supp,ODS_P_BUSINESS_SUPPORT.RES_SUPP.CMI_SUPP
3598,RESERVATION,SUPP_EDW.SUPP_R2.0010.Load_Sailing_Master_Supp,ODS_P_BUSINESS_SUPPORT.RES_SUPP.SAILING_MASTER_SOURCE_SUPP

